pid,link
AEHP302135,https://suvidha.eci.gov.in/uploads1/candprofile/E18/2022/AC/s08/YASHW-2022-20221021051346.jpg
AEHP302136,https://suvidha.eci.gov.in/uploads1/candprofile/E18/2022/AC/S08/HANSR-2022-20221029053546.jpg
AEHP302137,https://suvidha.eci.gov.in/uploads1/candprofile/E18/2022/AC/s08/NANDK-2022-20221025011735.jpg
AEHP302138,https://suvidha.eci.gov.in/uploads1/candprofile/E18/2022/AC/s08/Dr.Ja-2022-20221021071642.jpg
AEHP302139,https://suvidha.eci.gov.in/uploads1/candprofile/E18/2022/AC/s08/Thaku-2022-20221021052929.jpg
AEHP302140,https://suvidha.eci.gov.in/uploads1/candprofile/E18/2022/AC/s08/Puja-2022-20221021060208.jpg
AEHP1870,https://suvidha.eci.gov.in/uploads1/candprofile/E18/2022/AC/s08/Parka-2022-20221025055004.jpg
AEHP302141,https://suvidha.eci.gov.in/uploads1/candprofile/E18/2022/AC/S08/Rasil-2022-20221026100657.jpg
AEHP302142,https://suvidha.eci.gov.in/uploads1/candprofile/E18/2022/AC/s08/NEERA-2022-20221021063108.jpg
AEHP302143,https://suvidha.eci.gov.in/uploads1/candprofile/E18/2022/AC/s08/NEELA-2022-20221021073847.jpg
AEHP302144,https://suvidha.eci.gov.in/uploads1/candprofile/E18/2022/AC/s08/PARAS-2022-20221025055446.jpg
AEHP302145,https://suvidha.eci.gov.in/uploads1/candprofile/E18/2022/AC/s08/UTTAM-2022-20221025063034.jpg
AEHP302146,https://suvidha.eci.gov.in/uploads1/candprofile/E18/2022/AC/s08/SHASI-2022-20221025060834.jpg
AEHP302147,https://suvidha.eci.gov.in/uploads1/candprofile/E18/2022/AC/s08/INDIR-2022-20221025064255.jpg
AEHP302148,https://suvidha.eci.gov.in/uploads1/candprofile/E18/2022/AC/s08/ASHAK-2022-20221021051050.jpg
AEHP302149,https://suvidha.eci.gov.in/uploads1/candprofile/E18/2022/AC/S08/DHAVI-2022-20221029041724.jpg
AEHP302150,https://suvidha.eci.gov.in/uploads1/candprofile/E18/2022/AC/s08/ASHOK-2022-20221025055629.jpg
AEHP302151,https://suvidha.eci.gov.in/uploads1/candprofile/E18/2022/AC/s08/MANIS-2022-20221025061312.jpg
AEHP302152,https://suvidha.eci.gov.in/uploads1/candprofile/E18/2022/AC/s08/RINKU-2022-20221025054032.jpg
GEHP16695,https://suvidha.eci.gov.in/uploads1/candprofile/E18/2022/AC/S08/KULDE-2022-20221029063313.jpg
AEHP302153,https://suvidha.eci.gov.in/uploads1/candprofile/E18/2022/AC/s08/BIKRA-2022-20221025060043.jpg
AEHP2139,https://suvidha.eci.gov.in/uploads1/candprofile/E18/2022/AC/s08/AMRIT-2022-20221025060947.jpg
AEHP302154,https://suvidha.eci.gov.in/uploads1/candprofile/E18/2022/AC/s08/NARES-2022-20221021073428.jpg
AEHP302155,https://suvidha.eci.gov.in/uploads1/candprofile/E18/2022/AC/S08/NIRMA-2022-20221029063914.jpg
AEHP302156,https://suvidha.eci.gov.in/uploads1/candprofile/E18/2022/AC/s08/AJAYM-2022-20221021015309.jpg
AEHP302157,https://suvidha.eci.gov.in/uploads1/candprofile/E18/2022/AC/s08/RANBI-2022-20221021053551.jpg
AEHP302158,https://suvidha.eci.gov.in/uploads1/candprofile/E18/2022/AC/s08/SALIR-2022-20221025021709.jpg
AEHP302159,https://suvidha.eci.gov.in/uploads1/candprofile/E18/2022/AC/s08/MANIS-2022-20221025010306.jpg
AEHP302160,https://suvidha.eci.gov.in/uploads1/candprofile/E18/2022/AC/s08/SUBHA-2022-20221025024555.jpg
AEHP302161,https://suvidha.eci.gov.in/uploads1/candprofile/E18/2022/AC/s08/MALEN-2022-20221025035056.jpg
AEHP302162,https://suvidha.eci.gov.in/uploads1/candprofile/E18/2022/AC/s08/REETA-2022-20221021034604.jpg
AEHP302163,https://suvidha.eci.gov.in/uploads1/candprofile/E18/2022/AC/s08/HANSR-2022-20221025011909.jpg
AEHP302164,https://suvidha.eci.gov.in/uploads1/candprofile/E18/2022/AC/s08/JAGDI-2022-20221025031014.jpg
AEHP302165,https://suvidha.eci.gov.in/uploads1/candprofile/E18/2022/AC/s08/LAXMA-2022-20221025040650.jpg
AEHP302166,https://suvidha.eci.gov.in/uploads1/candprofile/E18/2022/AC/s08/NIRMA-2022-20221020035514.jpg
AEHP302167,https://suvidha.eci.gov.in/uploads1/candprofile/E18/2022/AC/s08/MANOH-2022-20221021023022.jpg
AEHP302168,https://suvidha.eci.gov.in/uploads1/candprofile/E18/2022/AC/s08/TILAK-2022-20221025041457.jpg
AEHP302169,https://suvidha.eci.gov.in/uploads1/candprofile/E18/2022/AC/s08/BHAWA-2022-20221020025151.jpg
AEHP100123,https://suvidha.eci.gov.in/uploads1/candprofile/E18/2022/AC/S08/RAKES-2022-20221021015618.jpg
AEHP302170,https://suvidha.eci.gov.in/uploads1/candprofile/E18/2022/AC/s08/Dr.Ra-2022-20221021034745.jpg
AEHP302171,https://suvidha.eci.gov.in/uploads1/candprofile/E18/2022/AC/s08/Dr.As-2022-20221018015417.jpg
AEHP302172,https://suvidha.eci.gov.in/uploads1/candprofile/E18/2022/AC/s08/KRIPA-2022-20221021035649.jpg
AEHP302173,https://suvidha.eci.gov.in/uploads1/candprofile/E18/2022/AC/s08/VIJAY-2022-20221025032538.jpg
AEHP302174,https://suvidha.eci.gov.in/uploads1/candprofile/E18/2022/AC/s08/SANJA-2022-20221025043900.jpg
AEHP302175,https://suvidha.eci.gov.in/uploads1/candprofile/E18/2022/AC/S08/CHAND-2022-20221022041019.jpg
AEHP302176,https://suvidha.eci.gov.in/uploads1/candprofile/E18/2022/AC/s08/BIRSI-2022-20221025024516.jpg
AEHP302177,https://suvidha.eci.gov.in/uploads1/candprofile/E18/2022/AC/s08/SANJA-2022-20221020025139.jpg
AEHP302178,https://suvidha.eci.gov.in/uploads1/candprofile/E18/2022/AC/s08/ARUNK-2022-20221018015938.jpg
AEHP302179,https://suvidha.eci.gov.in/uploads1/candprofile/E18/2022/AC/s08/BALDE-2022-20221025023121.jpg
AEHP302180,https://suvidha.eci.gov.in/uploads1/candprofile/E18/2022/AC/s08/RAMES-2022-20221021052118.jpg
AEHP3304,https://suvidha.eci.gov.in/uploads1/candprofile/E18/2022/AC/s08/DR.RA-2022-20221025043041.jpg
AEHP302181,https://suvidha.eci.gov.in/uploads1/candprofile/E18/2022/AC/s08/HARBA-2022-20221020040530.jpg
AEHP302182,https://suvidha.eci.gov.in/uploads1/candprofile/E18/2022/AC/s08/MANIS-2022-20221025044825.jpg
AEHP302183,https://suvidha.eci.gov.in/uploads1/candprofile/E18/2022/AC/s08/VARUN-2022-20221025040433.jpg
AEHP302184,https://suvidha.eci.gov.in/uploads1/candprofile/E18/2022/AC/S08/HOSHY-2022-20221021034501.jpg
AEHP302185,https://suvidha.eci.gov.in/uploads1/candprofile/E18/2022/AC/S08/PREMC-2022-20221025010245.jpg
AEHP302186,https://suvidha.eci.gov.in/uploads1/candprofile/E18/2022/AC/S08/BIKRA-2022-20221020022850.jpg
AEHP302187,https://suvidha.eci.gov.in/uploads1/candprofile/E18/2022/AC/s08/SURIN-2022-20221020044248.jpg
AEHP302188,https://suvidha.eci.gov.in/uploads1/candprofile/E18/2022/AC/S08/SAHIL-2022-20221025031854.jpg
AEHP302189,https://suvidha.eci.gov.in/uploads1/candprofile/E18/2022/AC/s08/MUKES-2022-20221021053444.jpg
AEHP302190,https://suvidha.eci.gov.in/uploads1/candprofile/E18/2022/AC/s08/SANJA-2022-20221021051502.jpg
AEHP302191,https://suvidha.eci.gov.in/uploads1/candprofile/E18/2022/AC/S08/RAVIN-2022-20221026025955.jpg
AEHP302192,https://suvidha.eci.gov.in/uploads1/candprofile/E18/2022/AC/S08/SUSHI-2022-20221022115740.jpg
AEHP3090,https://suvidha.eci.gov.in/uploads1/candprofile/E18/2022/AC/S08/SANJA-2022-20221021061143.jpg
AEHP302193,https://suvidha.eci.gov.in/uploads1/candprofile/E18/2022/AC/S08/HOSHI-2022-20221025065324.jpg
AEHP302194,https://suvidha.eci.gov.in/uploads1/candprofile/E18/2022/AC/S08/ATULK-2022-20221031103822.jpg
AEHP302195,https://suvidha.eci.gov.in/uploads1/candprofile/E18/2022/AC/s08/SUNIL-2022-20221021065112.jpg
AEHP302196,https://suvidha.eci.gov.in/uploads1/candprofile/E18/2022/AC/s08/Yadvi-2022-20221025104640.jpg
AEHP302197,https://suvidha.eci.gov.in/uploads1/candprofile/E18/2022/AC/S08/Ravin-2022-20221024105457.jpg
AEHP302198,https://suvidha.eci.gov.in/uploads1/candprofile/E18/2022/AC/s08/Santo-2022-20221025092203.jpg
AEHP302199,https://suvidha.eci.gov.in/uploads1/candprofile/E18/2022/AC/s08/Sudhi-2022-20221025103941.jpg
AEHP302200,https://suvidha.eci.gov.in/uploads1/candprofile/E18/2022/AC/s08/Dr.Ke-2022-20221021055632.jpg
AEHP961,https://suvidha.eci.gov.in/uploads1/candprofile/E18/2022/AC/s08/Surin-2022-20221025085811.jpg
AEHP3099,https://suvidha.eci.gov.in/uploads1/candprofile/E18/2022/AC/s08/JAGDI-2022-20221021051041.jpg
AEHP302201,https://suvidha.eci.gov.in/uploads1/candprofile/E18/2022/AC/s08/VIPIN-2022-20221021040920.jpg
AEHP302202,https://suvidha.eci.gov.in/uploads1/candprofile/E18/2022/AC/S08/SURES-2022-20221025031933.jpg
AEHP302203,https://suvidha.eci.gov.in/uploads1/candprofile/E18/2022/AC/S08/RAVIN-2022-20221025022155.jpg
AEHP302204,https://suvidha.eci.gov.in/uploads1/candprofile/E18/2022/AC/s08/CHAND-2022-20221019020126.jpg
AEHP302205,https://suvidha.eci.gov.in/uploads1/candprofile/E18/2022/AC/s08/JAGJI-2022-20221025030057.jpg
AEHP302206,https://suvidha.eci.gov.in/uploads1/candprofile/E18/2022/AC/s08/REKHA-2022-20221021122824.jpg
AEHP302207,https://suvidha.eci.gov.in/uploads1/candprofile/E18/2022/AC/S08/DR.SW-2022-20221021034209.jpg
AEHP302208,https://suvidha.eci.gov.in/uploads1/candprofile/E18/2022/AC/S08/SUMAN-2022-20221025041910.jpg
AEHP302209,https://suvidha.eci.gov.in/uploads1/candprofile/E18/2022/AC/S08/ARUNK-2022-20221021124649.jpg
AEHP302210,https://suvidha.eci.gov.in/uploads1/candprofile/E18/2022/AC/S08/R.S.B-2022-20221021033740.jpg
AEHP302211,https://suvidha.eci.gov.in/uploads1/candprofile/E18/2022/AC/S08/UMAKA-2022-20221025030359.jpg
AEHP302212,https://suvidha.eci.gov.in/uploads1/candprofile/E18/2022/AC/S08/SIKAN-2022-20221020125351.jpg
AEHP302213,https://suvidha.eci.gov.in/uploads1/candprofile/E18/2022/AC/s08/Surin-2022-20221025070929.jpg
AEHP302214,https://suvidha.eci.gov.in/uploads1/candprofile/E18/2022/AC/s08/Pawan-2022-20221025064648.jpg
AEHP302215,https://suvidha.eci.gov.in/uploads1/candprofile/E18/2022/AC/s08/Vijay-2022-20221025061539.jpg
AEHP301414,https://suvidha.eci.gov.in/uploads1/candprofile/E18/2022/AC/s08/RajKu-2022-20221025062904.jpg
AEHP302216,https://suvidha.eci.gov.in/uploads1/candprofile/E18/2022/AC/s08/AmitV-2022-20221021053512.jpg
AEHP302217,https://suvidha.eci.gov.in/uploads1/candprofile/E18/2022/AC/s08/Kulbh-2022-20221025064044.jpg
AEHP302218,https://suvidha.eci.gov.in/uploads1/candprofile/E18/2022/AC/S08/KEWAL-2022-20221021044950.jpg
AEHP302219,https://suvidha.eci.gov.in/uploads1/candprofile/E18/2022/AC/s08/BANAR-2022-20221021042250.jpg
AEHP2364,https://suvidha.eci.gov.in/uploads1/candprofile/E18/2022/AC/s08/SARVE-2022-20221021035115.jpg
AEHP302220,https://suvidha.eci.gov.in/uploads1/candprofile/E18/2022/AC/s08/ABHIS-2022-20221025040553.jpg
AEHP302221,https://suvidha.eci.gov.in/uploads1/candprofile/E18/2022/AC/s08/ASHIS-2022-20221025054936.jpg
AEHP302222,https://suvidha.eci.gov.in/uploads1/candprofile/E18/2022/AC/s08/JOGIN-2022-20221025044105.jpg
AEHP302223,https://suvidha.eci.gov.in/uploads1/candprofile/E18/2022/AC/s08/RAMES-2022-20221021040825.jpg
AEHP302224,https://suvidha.eci.gov.in/uploads1/candprofile/E18/2022/AC/S08/RAKES-2022-20221021051917.jpg
AEHP100127,https://suvidha.eci.gov.in/uploads1/candprofile/E18/2022/AC/S08/SUDHI-2022-20221021013441.jpg
AEHP302225,https://suvidha.eci.gov.in/uploads1/candprofile/E18/2022/AC/S08/KULWA-2022-20221025010716.jpg
AEHP302226,https://suvidha.eci.gov.in/uploads1/candprofile/E18/2022/AC/S08/ABHAY-2022-20221025024857.jpg
AEHP302227,https://suvidha.eci.gov.in/uploads1/candprofile/E18/2022/AC/s08/VIPAN-2022-20221025014235.jpg
AEHP302228,https://suvidha.eci.gov.in/uploads1/candprofile/E18/2022/AC/S08/SUBHA-2022-20221021051927.jpg
AEHP302229,https://suvidha.eci.gov.in/uploads1/candprofile/E18/2022/AC/S08/Ashis-2022-20221031021027.jpg
AEHP302230,https://suvidha.eci.gov.in/uploads1/candprofile/E18/2022/AC/s08/Sures-2022-20221025034411.jpg
AEHP302231,https://suvidha.eci.gov.in/uploads1/candprofile/E18/2022/AC/s08/Trilo-2022-20221021052250.jpg
AEHP302232,https://suvidha.eci.gov.in/uploads1/candprofile/E18/2022/AC/s08/Sanja-2022-20221025035606.jpg
AEHP302233,https://suvidha.eci.gov.in/uploads1/candprofile/E18/2022/AC/s08/AjayK-2022-20221021034135.jpg
AEHP302234,https://suvidha.eci.gov.in/uploads1/candprofile/E18/2022/AC/S08/Kisho-2022-20221027035441.jpg
AEHP302235,https://suvidha.eci.gov.in/uploads1/candprofile/E18/2022/AC/S08/Mulkh-2022-20221021043043.jpg
AEHP302236,https://suvidha.eci.gov.in/uploads1/candprofile/E18/2022/AC/s08/Parmo-2022-20221025015032.jpg
AEHP302237,https://suvidha.eci.gov.in/uploads1/candprofile/E18/2022/AC/s08/Vishe-2022-20221020031003.jpg
AEHP302238,https://suvidha.eci.gov.in/uploads1/candprofile/E18/2022/AC/S08/Gurda-2022-20221025015555.jpg
AEHP302239,https://suvidha.eci.gov.in/uploads1/candprofile/E18/2022/AC/s08/RAVIT-2022-20221020053726.jpg
AEHP302240,https://suvidha.eci.gov.in/uploads1/candprofile/E18/2022/AC/s08/RAMLA-2022-20221021060217.jpg
AEHP302241,https://suvidha.eci.gov.in/uploads1/candprofile/E18/2022/AC/S08/SUDAR-2022-20221025032612.jpg
AEHP302242,https://suvidha.eci.gov.in/uploads1/candprofile/E18/2022/AC/S08/Govin-2022-20221029033315.jpg
AEHP302243,https://suvidha.eci.gov.in/uploads1/candprofile/E18/2022/AC/s08/TaraC-2022-20221025033434.jpg
AEHP302244,https://suvidha.eci.gov.in/uploads1/candprofile/E18/2022/AC/S08/Bhuvn-2022-20221029034527.jpg
AEHP302245,https://suvidha.eci.gov.in/uploads1/candprofile/E18/2022/AC/S08/Anura-2022-20221029053820.jpg
AEHP302246,https://suvidha.eci.gov.in/uploads1/candprofile/E18/2022/AC/s08/AmarC-2022-20221025045407.jpg
AEHP302247,https://suvidha.eci.gov.in/uploads1/candprofile/E18/2022/AC/S08/Mahin-2022-20221029033336.jpg
AEHP1622,https://suvidha.eci.gov.in/uploads1/candprofile/E18/2022/AC/s08/NAROT-2022-20221025034652.jpg
AEHP100155,https://suvidha.eci.gov.in/uploads1/candprofile/E18/2022/AC/S08/Sunde-2022-20221027104539.jpg
AEHP302248,https://suvidha.eci.gov.in/uploads1/candprofile/E18/2022/AC/s08/HOTAM-2022-20221025032121.jpg
AEHP302249,https://suvidha.eci.gov.in/uploads1/candprofile/E18/2022/AC/S08/SherS-2022-20221027104559.jpg
AEHP302250,https://suvidha.eci.gov.in/uploads1/candprofile/E18/2022/AC/S08/RAMSI-2022-20221027113616.jpg
AEHP302251,https://suvidha.eci.gov.in/uploads1/candprofile/E18/2022/AC/s08/LOTRA-2022-20221025052433.jpg
AEHP302252,https://suvidha.eci.gov.in/uploads1/candprofile/E18/2022/AC/S08/KHIMI-2022-20221021053758.jpg
AEHP302253,https://suvidha.eci.gov.in/uploads1/candprofile/E18/2022/AC/S08/JHABE-2022-20221025055218.jpg
AEHP302254,https://suvidha.eci.gov.in/uploads1/candprofile/E18/2022/AC/s08/SUREN-2022-20221020033957.jpg
AEHP302255,https://suvidha.eci.gov.in/uploads1/candprofile/E18/2022/AC/S08/CHETR-2022-20221025055032.jpg
AEHP302256,https://suvidha.eci.gov.in/uploads1/candprofile/E18/2022/AC/S08/NEERA-2022-20221025054739.jpg
AEHP302257,https://suvidha.eci.gov.in/uploads1/candprofile/E18/2022/AC/S08/HITES-2022-20221021063127.jpg
AEHP302258,https://suvidha.eci.gov.in/uploads1/candprofile/E18/2022/AC/s08/DEVKI-2022-20221025061727.jpg
AEHP302259,https://suvidha.eci.gov.in/uploads1/candprofile/E18/2022/AC/s08/Bansi-2022-20221021050611.jpg
AEHP302260,https://suvidha.eci.gov.in/uploads1/candprofile/E18/2022/AC/s08/Loken-2022-20221021044612.jpg
AEHP302261,https://suvidha.eci.gov.in/uploads1/candprofile/E18/2022/AC/s08/INDER-2022-20221025054019.jpg
AEHP302262,https://suvidha.eci.gov.in/uploads1/candprofile/E18/2022/AC/s08/KISHO-2022-20221025060434.jpg
AEHP302263,https://suvidha.eci.gov.in/uploads1/candprofile/E18/2022/AC/s08/PARAS-2022-20221025061032.jpg
AEHP302264,https://suvidha.eci.gov.in/uploads1/candprofile/E18/2022/AC/s08/KISHO-2022-20221020015644.jpg
AEHP302265,https://suvidha.eci.gov.in/uploads1/candprofile/E18/2022/AC/s08/CHAMA-2022-20221021023342.jpg
AEHP302266,https://suvidha.eci.gov.in/uploads1/candprofile/E18/2022/AC/S08/DEEPR-2022-20221021024913.jpg
AEHP302267,https://suvidha.eci.gov.in/uploads1/candprofile/E18/2022/AC/s08/MAHES-2022-20221021052142.jpg
AEHP302268,https://suvidha.eci.gov.in/uploads1/candprofile/E18/2022/AC/s08/BHAGW-2022-20221021050505.jpg
AEHP302269,https://suvidha.eci.gov.in/uploads1/candprofile/E18/2022/AC/s08/GHANS-2022-20221025045424.jpg
AEHP302270,https://suvidha.eci.gov.in/uploads1/candprofile/E18/2022/AC/s08/Naray-2022-20221021015750.jpg
AEHP302271,https://suvidha.eci.gov.in/uploads1/candprofile/E18/2022/AC/s08/Sohan-2022-20221025041240.jpg
AEHP302272,https://suvidha.eci.gov.in/uploads1/candprofile/E18/2022/AC/s08/Thaku-2022-20221020051421.jpg
AEHP302273,https://suvidha.eci.gov.in/uploads1/candprofile/E18/2022/AC/s08/Pooja-2022-20221025054924.jpg
AEHP302274,https://suvidha.eci.gov.in/uploads1/candprofile/E18/2022/AC/s08/RanVi-2022-20221025044152.jpg
AEHP302275,https://suvidha.eci.gov.in/uploads1/candprofile/E18/2022/AC/s08/Abhis-2022-20221021021057.jpg
AEHP302276,https://suvidha.eci.gov.in/uploads1/candprofile/E18/2022/AC/s08/TekCh-2022-20221025043043.jpg
AEHP302277,https://suvidha.eci.gov.in/uploads1/candprofile/E18/2022/AC/s08/HetRa-2022-20221025053229.jpg
AEHP302278,https://suvidha.eci.gov.in/uploads1/candprofile/E18/2022/AC/s08/NANDL-2022-20221021051950.jpg
AEHP302279,https://suvidha.eci.gov.in/uploads1/candprofile/E18/2022/AC/S08/NARES-2022-20221029044752.jpg
AEHP302280,https://suvidha.eci.gov.in/uploads1/candprofile/E18/2022/AC/s08/VINOD-2022-20221021042350.jpg
AEHP302281,https://suvidha.eci.gov.in/uploads1/candprofile/E18/2022/AC/S08/JABNA-2022-20221030100929.jpg
AEHP302282,https://suvidha.eci.gov.in/uploads1/candprofile/E18/2022/AC/S08/JASVE-2022-20221030100948.jpg
AEHP302283,https://suvidha.eci.gov.in/uploads1/candprofile/E18/2022/AC/s08/SAUNU-2022-20221025051129.jpg
AEHP302284,https://suvidha.eci.gov.in/uploads1/candprofile/E18/2022/AC/s08/GIANC-2022-20221021045400.jpg
AEHP302285,https://suvidha.eci.gov.in/uploads1/candprofile/E18/2022/AC/S08/INDRA-2022-20221025042516.jpg
AEHP302286,https://suvidha.eci.gov.in/uploads1/candprofile/E18/2022/AC/S08/CHETR-2022-20221025021110.jpg
AEHP302287,https://suvidha.eci.gov.in/uploads1/candprofile/E18/2022/AC/s08/JaiRa-2022-20221019054752.jpg
AEHP302288,https://suvidha.eci.gov.in/uploads1/candprofile/E18/2022/AC/S08/MAHEN-2022-20221021043534.jpg
AEHP302289,https://suvidha.eci.gov.in/uploads1/candprofile/E18/2022/AC/S08/GITAN-2022-20221025025951.jpg
AEHP302290,https://suvidha.eci.gov.in/uploads1/candprofile/E18/2022/AC/s08/NAREN-2022-20221025052555.jpg
AEHP302291,https://suvidha.eci.gov.in/uploads1/candprofile/E18/2022/AC/s08/KaulS-2022-20221020051728.jpg
AEHP302292,https://suvidha.eci.gov.in/uploads1/candprofile/E18/2022/AC/s08/Puran-2022-20221021042211.jpg
AEHP302293,https://suvidha.eci.gov.in/uploads1/candprofile/E18/2022/AC/s08/Rames-2022-20221025054720.jpg
AEHP302294,https://suvidha.eci.gov.in/uploads1/candprofile/E18/2022/AC/S08/Kusha-2022-20221025013203.jpg
AEHP3591,https://suvidha.eci.gov.in/uploads1/candprofile/E18/2022/AC/s08/Thaku-2022-20221021072141.jpg
AEHP302295,https://suvidha.eci.gov.in/uploads1/candprofile/E18/2022/AC/S08/NAREN-2022-20221025041844.jpg
AEHP302296,https://suvidha.eci.gov.in/uploads1/candprofile/E18/2022/AC/S08/Praka-2022-20221021073059.jpg
AEHP302297,https://suvidha.eci.gov.in/uploads1/candprofile/E18/2022/AC/S08/Kamal-2022-20221021064036.jpg
AEHP302298,https://suvidha.eci.gov.in/uploads1/candprofile/E18/2022/AC/s08/Mehar-2022-20221021074727.jpg
AEHP302299,https://suvidha.eci.gov.in/uploads1/candprofile/E18/2022/AC/S08/Ravin-2022-20221025011916.jpg
AEHP302300,https://suvidha.eci.gov.in/uploads1/candprofile/E18/2022/AC/S08/Kulbh-2022-20221021071543.jpg
AEHP302301,https://suvidha.eci.gov.in/uploads1/candprofile/E18/2022/AC/S08/Suren-2022-20221021064806.jpg
AEHP302302,https://suvidha.eci.gov.in/uploads1/candprofile/E18/2022/AC/s08/BabaL-2022-20221021073849.jpg
AEHP302303,https://suvidha.eci.gov.in/uploads1/candprofile/E18/2022/AC/S08/Sanje-2022-20221025040849.jpg
AEHP4258,https://suvidha.eci.gov.in/uploads1/candprofile/E18/2022/AC/s08/CHAND-2022-20221025052330.jpg
AEHP302304,https://suvidha.eci.gov.in/uploads1/candprofile/E18/2022/AC/S08/PRAKA-2022-20221025041519.jpg
AEHP302305,https://suvidha.eci.gov.in/uploads1/candprofile/E18/2022/AC/s08/RAJAT-2022-20221021022703.jpg
AEHP302306,https://suvidha.eci.gov.in/uploads1/candprofile/E18/2022/AC/S08/RAKES-2022-20221025050212.jpg
AEHP302307,https://suvidha.eci.gov.in/uploads1/candprofile/E18/2022/AC/s08/ANILS-2022-20221021044720.jpg
AEHP302308,https://suvidha.eci.gov.in/uploads1/candprofile/E18/2022/AC/s08/CHAMP-2022-20221021053319.jpg
AEHP302309,https://suvidha.eci.gov.in/uploads1/candprofile/E18/2022/AC/s08/CHETR-2022-20221021043442.jpg
AEHP302310,https://suvidha.eci.gov.in/uploads1/candprofile/E18/2022/AC/S08/SHYAM-2022-20221025045141.jpg
AEHP302311,https://suvidha.eci.gov.in/uploads1/candprofile/E18/2022/AC/S08/SANJA-2022-20221025045417.jpg
AEHP302312,https://suvidha.eci.gov.in/uploads1/candprofile/E18/2022/AC/S08/MAJOR-2022-20221025015759.jpg
AEHP302313,https://suvidha.eci.gov.in/uploads1/candprofile/E18/2022/AC/s08/PRAVE-2022-20221020021902.jpg
AEHP302314,https://suvidha.eci.gov.in/uploads1/candprofile/E18/2022/AC/S08/RAJEE-2022-20221025045457.jpg
AEHP302315,https://suvidha.eci.gov.in/uploads1/candprofile/E18/2022/AC/S08/LAXME-2022-20221025052923.jpg
AEHP302316,https://suvidha.eci.gov.in/uploads1/candprofile/E18/2022/AC/S08/INDER-2022-20221019041611.jpg
AEHP302317,https://suvidha.eci.gov.in/uploads1/candprofile/E18/2022/AC/S08/PRAKA-2022-20221019042043.jpg
AEHP302318,https://suvidha.eci.gov.in/uploads1/candprofile/E18/2022/AC/S08/PREMK-2022-20221020040724.jpg
AEHP302319,https://suvidha.eci.gov.in/uploads1/candprofile/E18/2022/AC/S08/JIWAN-2022-20221025030845.jpg
AEHP302320,https://suvidha.eci.gov.in/uploads1/candprofile/E18/2022/AC/s08/TARAC-2022-20221021031831.jpg
AEHP302321,https://suvidha.eci.gov.in/uploads1/candprofile/E18/2022/AC/S08/Dalip-2022-20221025052026.jpg
AEHP302322,https://suvidha.eci.gov.in/uploads1/candprofile/E18/2022/AC/S08/Pawan-2022-20221025052327.jpg
AEHP302323,https://suvidha.eci.gov.in/uploads1/candprofile/E18/2022/AC/S08/Rames-2022-20221025052516.jpg
AEHP302324,https://suvidha.eci.gov.in/uploads1/candprofile/E18/2022/AC/S08/Kaila-2022-20221025055705.jpg
AEHP302325,https://suvidha.eci.gov.in/uploads1/candprofile/E18/2022/AC/S08/Dhame-2022-20221025051619.jpg
AEHP1014,https://suvidha.eci.gov.in/uploads1/candprofile/E18/2022/AC/S08/MUNIS-2022-20221021031907.jpg
AEHP302326,https://suvidha.eci.gov.in/uploads1/candprofile/E18/2022/AC/s08/AnilK-2022-20221021071955.jpg
AEHP302327,https://suvidha.eci.gov.in/uploads1/candprofile/E18/2022/AC/s08/JARNA-2022-20221021074817.jpg
AEHP302328,https://suvidha.eci.gov.in/uploads1/candprofile/E18/2022/AC/s08/SURES-2022-20221021075949.jpg
AEHP302329,https://suvidha.eci.gov.in/uploads1/candprofile/E18/2022/AC/S08/Rajni-2022-20221025053831.jpg
AEHP302330,https://suvidha.eci.gov.in/uploads1/candprofile/E18/2022/AC/s08/PAWAN-2022-20221021073912.jpg
AEHP302331,https://suvidha.eci.gov.in/uploads1/candprofile/E18/2022/AC/S08/RAJIN-2022-20221021051629.jpg
AEHP302332,https://suvidha.eci.gov.in/uploads1/candprofile/E18/2022/AC/s08/RANJI-2022-20221021023427.jpg
AEHP302333,https://suvidha.eci.gov.in/uploads1/candprofile/E18/2022/AC/s08/GIANC-2022-20221025044248.jpg
AEHP302334,https://suvidha.eci.gov.in/uploads1/candprofile/E18/2022/AC/s08/ANILR-2022-20221025125756.jpg
AEHP3675,https://suvidha.eci.gov.in/uploads1/candprofile/E18/2022/AC/s08/RAJES-2022-20221025043002.jpg
AEHP302335,https://suvidha.eci.gov.in/uploads1/candprofile/E18/2022/AC/s08/KASHM-2022-20221021052857.jpg
AEHP302336,https://suvidha.eci.gov.in/uploads1/candprofile/E18/2022/AC/S08/NARIN-2022-20221029025713.jpg
AEHP302337,https://suvidha.eci.gov.in/uploads1/candprofile/E18/2022/AC/s08/Dr.PU-2022-20221025025856.jpg
AEHP302338,https://suvidha.eci.gov.in/uploads1/candprofile/E18/2022/AC/s08/PRAVE-2022-20221025121446.jpg
AEHP302339,https://suvidha.eci.gov.in/uploads1/candprofile/E18/2022/AC/S08/ABHIN-2022-20221029024806.jpg
AEHP302340,https://suvidha.eci.gov.in/uploads1/candprofile/E18/2022/AC/s08/SUSHE-2022-20221021062106.jpg
AEHP302341,https://suvidha.eci.gov.in/uploads1/candprofile/E18/2022/AC/S08/ASHIS-2022-20221029015113.jpg
AEHP302342,https://suvidha.eci.gov.in/uploads1/candprofile/E18/2022/AC/S08/ASHIS-2022-20221021064546.jpg
AEHP302343,https://suvidha.eci.gov.in/uploads1/candprofile/E18/2022/AC/s08/NARES-2022-20221019030633.jpg
AEHP302344,https://suvidha.eci.gov.in/uploads1/candprofile/E18/2022/AC/S08/INDER-2022-20221020034431.jpg
AEHP302345,https://suvidha.eci.gov.in/uploads1/candprofile/E18/2022/AC/S08/MAYAS-2022-20221025072937.jpg
AEHP302346,https://suvidha.eci.gov.in/uploads1/candprofile/E18/2022/AC/s08/RATTA-2022-20221021023413.jpg
AEHP302347,https://suvidha.eci.gov.in/uploads1/candprofile/E18/2022/AC/S08/GULSH-2022-20221025064816.jpg
AEHP302348,https://suvidha.eci.gov.in/uploads1/candprofile/E18/2022/AC/S08/NARES-2022-20221025070130.jpg
AEHP3965,https://suvidha.eci.gov.in/uploads1/candprofile/E18/2022/AC/S08/PARAM-2022-20221025074821.jpg
AEHP302349,https://suvidha.eci.gov.in/uploads1/candprofile/E18/2022/AC/S08/SANJE-2022-20221025071544.jpg
AEHP302350,https://suvidha.eci.gov.in/uploads1/candprofile/E18/2022/AC/S08/DESHR-2022-20221029054657.jpg
AEHP302351,https://suvidha.eci.gov.in/uploads1/candprofile/E18/2022/AC/S08/VIJAY-2022-20221021072937.jpg
AEHP302352,https://suvidha.eci.gov.in/uploads1/candprofile/E18/2022/AC/S08/SUKHV-2022-20221021073839.jpg
AEHP302353,https://suvidha.eci.gov.in/uploads1/candprofile/E18/2022/AC/s08/SHANK-2022-20221025062735.jpg
AEHP302354,https://suvidha.eci.gov.in/uploads1/candprofile/E18/2022/AC/S08/RANJI-2022-20221021074253.jpg
AEHP302355,https://suvidha.eci.gov.in/uploads1/candprofile/E18/2022/AC/S08/SUREN-2022-20221029055853.jpg
AEHP302356,https://suvidha.eci.gov.in/uploads1/candprofile/E18/2022/AC/S08/BALBI-2022-20221029053331.jpg
AEHP302357,https://suvidha.eci.gov.in/uploads1/candprofile/E18/2022/AC/S08/VIREN-2022-20221029051652.jpg
AEHP302358,https://suvidha.eci.gov.in/uploads1/candprofile/E18/2022/AC/S08/SUDAR-2022-20221029053346.jpg
AEHP302359,https://suvidha.eci.gov.in/uploads1/candprofile/E18/2022/AC/S08/RAMPA-2022-20221029051750.jpg
AEHP302360,https://suvidha.eci.gov.in/uploads1/candprofile/E18/2022/AC/S08/KEWAL-2022-20221029051735.jpg
AEHP302361,https://suvidha.eci.gov.in/uploads1/candprofile/E18/2022/AC/s08/Chait-2022-20221021043150.jpg
AEHP302362,https://suvidha.eci.gov.in/uploads1/candprofile/E18/2022/AC/s08/Rajes-2022-20221020024407.jpg
AEHP302363,https://suvidha.eci.gov.in/uploads1/candprofile/E18/2022/AC/s08/Lekhr-2022-20221025031227.jpg
AEHP302364,https://suvidha.eci.gov.in/uploads1/candprofile/E18/2022/AC/s08/Manoh-2022-20221025011210.jpg
AEHP302365,https://suvidha.eci.gov.in/uploads1/candprofile/E18/2022/AC/S08/Raghu-2022-20221027023856.jpg
AEHP302366,https://suvidha.eci.gov.in/uploads1/candprofile/E18/2022/AC/S08/Vinod-2022-20221027022657.jpg
AEHP302367,https://suvidha.eci.gov.in/uploads1/candprofile/E18/2022/AC/s08/NARES-2022-20221021035236.jpg
AEHP302368,https://suvidha.eci.gov.in/uploads1/candprofile/E18/2022/AC/s08/MUKES-2022-20221020030434.jpg
AEHP302369,https://suvidha.eci.gov.in/uploads1/candprofile/E18/2022/AC/s08/RAMKU-2022-20221025060814.jpg
AEHP302370,https://suvidha.eci.gov.in/uploads1/candprofile/E18/2022/AC/s08/ASHHW-2022-20221025071618.jpg
AEHP302371,https://suvidha.eci.gov.in/uploads1/candprofile/E18/2022/AC/s08/RAVIN-2022-20221025044020.jpg
AEHP302372,https://suvidha.eci.gov.in/uploads1/candprofile/E18/2022/AC/S08/RAMES-2022-20221029040201.jpg
AEHP302373,https://suvidha.eci.gov.in/uploads1/candprofile/E18/2022/AC/s08/SATPA-2022-20221021045357.jpg
AEHP302374,https://suvidha.eci.gov.in/uploads1/candprofile/E18/2022/AC/s08/SATPA-2022-20221025080642.jpg
AEHP302375,https://suvidha.eci.gov.in/uploads1/candprofile/E18/2022/AC/s08/RAJIV-2022-20221025082339.jpg
AEHP302376,https://suvidha.eci.gov.in/uploads1/candprofile/E18/2022/AC/s08/KAMAL-2022-20221025075819.jpg
AEHP302377,https://suvidha.eci.gov.in/uploads1/candprofile/E18/2022/AC/s08/CHAND-2022-20221025084006.jpg
AEHP716,https://suvidha.eci.gov.in/uploads1/candprofile/E18/2022/AC/s08/Davin-2022-20221021040908.jpg
AEHP302378,https://suvidha.eci.gov.in/uploads1/candprofile/E18/2022/AC/s08/VIREN-2022-20221021021910.jpg
AEHP302379,https://suvidha.eci.gov.in/uploads1/candprofile/E18/2022/AC/s08/AnilK-2022-20221025015534.jpg
AEHP302380,https://suvidha.eci.gov.in/uploads1/candprofile/E18/2022/AC/s08/Capt.-2022-20221025051701.jpg
AEHP302381,https://suvidha.eci.gov.in/uploads1/candprofile/E18/2022/AC/S08/AMARN-2022-20221025044314.jpg
AEHP302382,https://suvidha.eci.gov.in/uploads1/candprofile/E18/2022/AC/S08/JEETR-2022-20221021074836.jpg
AEHP302383,https://suvidha.eci.gov.in/uploads1/candprofile/E18/2022/AC/S08/VIVEK-2022-20221021074855.jpg
AEHP302384,https://suvidha.eci.gov.in/uploads1/candprofile/E18/2022/AC/S08/MANOJ-2022-20221025053847.jpg
AEHP302385,https://suvidha.eci.gov.in/uploads1/candprofile/E18/2022/AC/S08/SUDHI-2022-20221025030140.jpg
AEHP302386,https://suvidha.eci.gov.in/uploads1/candprofile/E18/2022/AC/S08/JITEN-2022-20221025054742.jpg
AEHP302387,https://suvidha.eci.gov.in/uploads1/candprofile/E18/2022/AC/s08/PREML-2022-20221025073510.jpg
AEHP302388,https://suvidha.eci.gov.in/uploads1/candprofile/E18/2022/AC/s08/RAJIN-2022-20221021055006.jpg
AEHP302389,https://suvidha.eci.gov.in/uploads1/candprofile/E18/2022/AC/S08/RAJES-2022-20221020112356.jpg
AEHP302390,https://suvidha.eci.gov.in/uploads1/candprofile/E18/2022/AC/s08/YOGES-2022-20221025071136.jpg
AEHP302391,https://suvidha.eci.gov.in/uploads1/candprofile/E18/2022/AC/s08/RAKES-2022-20221021071532.jpg
AEHP302392,https://suvidha.eci.gov.in/uploads1/candprofile/E18/2022/AC/s08/NANDL-2022-20221020055320.jpg
AEHP302393,https://suvidha.eci.gov.in/uploads1/candprofile/E18/2022/AC/s08/MANOH-2022-20221021065511.jpg
AEHP302394,https://suvidha.eci.gov.in/uploads1/candprofile/E18/2022/AC/S08/VARUN-2022-20221029112625.jpg
AEHP302395,https://suvidha.eci.gov.in/uploads1/candprofile/E18/2022/AC/s08/AMARN-2022-20221020090340.jpg
AEHP3369,https://suvidha.eci.gov.in/uploads1/candprofile/E18/2022/AC/s08/BUMBE-2022-20221021094155.jpg
AEHP302396,https://suvidha.eci.gov.in/uploads1/candprofile/E18/2022/AC/s08/TRILO-2022-20221021093212.jpg
AEHP302397,https://suvidha.eci.gov.in/uploads1/candprofile/E18/2022/AC/s08/AMARS-2022-20221025072353.jpg
AEHP302398,https://suvidha.eci.gov.in/uploads1/candprofile/E18/2022/AC/s08/PUJAP-2022-20221025074556.jpg
AEHP302399,https://suvidha.eci.gov.in/uploads1/candprofile/E18/2022/AC/s08/BALRA-2022-20221025080103.jpg
AEHP302400,https://suvidha.eci.gov.in/uploads1/candprofile/E18/2022/AC/s08/PIYUS-2022-20221025071335.jpg
AEHP302401,https://suvidha.eci.gov.in/uploads1/candprofile/E18/2022/AC/s08/LATAC-2022-20221025070505.jpg
AEHP302402,https://suvidha.eci.gov.in/uploads1/candprofile/E18/2022/AC/S08/Subha-2022-20221030093525.jpg
AEHP302403,https://suvidha.eci.gov.in/uploads1/candprofile/E18/2022/AC/S08/BHAGS-2022-20221029051500.jpg
AEHP302404,https://suvidha.eci.gov.in/uploads1/candprofile/E18/2022/AC/S08/RANDH-2022-20221029051211.jpg
AEHP302405,https://suvidha.eci.gov.in/uploads1/candprofile/E18/2022/AC/S08/RAMLA-2022-20221029051119.jpg
AEHP302406,https://suvidha.eci.gov.in/uploads1/candprofile/E18/2022/AC/S08/DEEPA-2022-20221029051332.jpg
AEHP302407,https://suvidha.eci.gov.in/uploads1/candprofile/E18/2022/AC/S08/NARIN-2022-20221029051359.jpg
AEHP302408,https://suvidha.eci.gov.in/uploads1/candprofile/E18/2022/AC/s08/Kamle-2022-20221021034025.jpg
AEHP2910,https://suvidha.eci.gov.in/uploads1/candprofile/E18/2022/AC/s08/Govin-2022-20221021124630.jpg
AEHP302409,https://suvidha.eci.gov.in/uploads1/candprofile/E18/2022/AC/s08/Sanja-2022-20221021015535.jpg
AEHP302410,https://suvidha.eci.gov.in/uploads1/candprofile/E18/2022/AC/s08/JaiDe-2022-20221021013729.jpg
AEHP302411,https://suvidha.eci.gov.in/uploads1/candprofile/E18/2022/AC/s08/JeetR-2022-20221025013202.jpg
AEHP302412,https://suvidha.eci.gov.in/uploads1/candprofile/E18/2022/AC/s08/Rajen-2022-20221025124241.jpg
AEHP302413,https://suvidha.eci.gov.in/uploads1/candprofile/E18/2022/AC/s08/Sanja-2022-20221020040119.jpg
AEHP302414,https://suvidha.eci.gov.in/uploads1/candprofile/E18/2022/AC/S08/PARAS-2022-20221029063205.jpg
AEHP302415,https://suvidha.eci.gov.in/uploads1/candprofile/E18/2022/AC/S08/LAKHW-2022-20221021062837.jpg
AEHP302416,https://suvidha.eci.gov.in/uploads1/candprofile/E18/2022/AC/S08/HARDE-2022-20221021050106.jpg
AEHP302417,https://suvidha.eci.gov.in/uploads1/candprofile/E18/2022/AC/s08/KISHO-2022-20221025060327.jpg
AEHP302418,https://suvidha.eci.gov.in/uploads1/candprofile/E18/2022/AC/S08/JAGDI-2022-20221021061150.jpg
AEHP302419,https://suvidha.eci.gov.in/uploads1/candprofile/E18/2022/AC/s08/DHARA-2022-20221025060851.jpg
AEHP302420,https://suvidha.eci.gov.in/uploads1/candprofile/E18/2022/AC/s08/JAGPA-2022-20221025054343.jpg
AEHP302421,https://suvidha.eci.gov.in/uploads1/candprofile/E18/2022/AC/S08/KRISH-2022-20221021055507.jpg
AEHP302422,https://suvidha.eci.gov.in/uploads1/candprofile/E18/2022/AC/s08/NAGEN-2022-20221025070258.jpg
AEHP302423,https://suvidha.eci.gov.in/uploads1/candprofile/E18/2022/AC/S08/PARAM-2022-20221029045432.jpg
AEHP302424,https://suvidha.eci.gov.in/uploads1/candprofile/E18/2022/AC/S08/RAMKU-2022-20221029045416.jpg
AEHP302425,https://suvidha.eci.gov.in/uploads1/candprofile/E18/2022/AC/S08/BALWA-2022-20221025035741.jpg
AEHP302426,https://suvidha.eci.gov.in/uploads1/candprofile/E18/2022/AC/s08/SWARN-2022-20221025053752.jpg
AEHP302427,https://suvidha.eci.gov.in/uploads1/candprofile/E18/2022/AC/S08/DESRA-2022-20221029023515.jpg
AEHP302428,https://suvidha.eci.gov.in/uploads1/candprofile/E18/2022/AC/S08/DHANI-2022-20221021050917.jpg
AEHP302429,https://suvidha.eci.gov.in/uploads1/candprofile/E18/2022/AC/s08/RAJEN-2022-20221025054829.jpg
AEHP302430,https://suvidha.eci.gov.in/uploads1/candprofile/E18/2022/AC/s08/RAJES-2022-20221021020218.jpg
AEHP302431,https://suvidha.eci.gov.in/uploads1/candprofile/E18/2022/AC/S08/ANJU-2022-20221025052948.jpg
AEHP302432,https://suvidha.eci.gov.in/uploads1/candprofile/E18/2022/AC/s08/RAJIV-2022-20221021094923.jpg
AEHP302433,https://suvidha.eci.gov.in/uploads1/candprofile/E18/2022/AC/s08/RAMRA-2022-20221021102932.jpg
AEHP302434,https://suvidha.eci.gov.in/uploads1/candprofile/E18/2022/AC/s08/VINOD-2022-20221025044331.jpg
AEHP302435,https://suvidha.eci.gov.in/uploads1/candprofile/E18/2022/AC/s08/RAJIN-2022-20221025044953.jpg
AEHP1285,https://suvidha.eci.gov.in/uploads1/candprofile/E18/2022/AC/s08/RAJEE-2022-20221021100910.jpg
AEHP302436,https://suvidha.eci.gov.in/uploads1/candprofile/E18/2022/AC/s08/HARME-2022-20221021093054.jpg
AEHP302437,https://suvidha.eci.gov.in/uploads1/candprofile/E18/2022/AC/s08/OMPRA-2022-20221025043602.jpg
AEHP302438,https://suvidha.eci.gov.in/uploads1/candprofile/E18/2022/AC/S08/ASHIS-2022-20221021040724.jpg
AEHP302439,https://suvidha.eci.gov.in/uploads1/candprofile/E18/2022/AC/S08/DAYAL-2022-20221021040503.jpg
AEHP302440,https://suvidha.eci.gov.in/uploads1/candprofile/E18/2022/AC/S08/REENA-2022-20221021041010.jpg
AEHP302441,https://suvidha.eci.gov.in/uploads1/candprofile/E18/2022/AC/S08/AJAYS-2022-20221025051842.jpg
AEHP302442,https://suvidha.eci.gov.in/uploads1/candprofile/E18/2022/AC/S08/SUSHE-2022-20221021040032.jpg
AEHP302443,https://suvidha.eci.gov.in/uploads1/candprofile/E18/2022/AC/S08/GANGU-2022-20221025023237.jpg
AEHP302444,https://suvidha.eci.gov.in/uploads1/candprofile/E18/2022/AC/S08/AjayS-2022-20221021054337.jpg
AEHP302445,https://suvidha.eci.gov.in/uploads1/candprofile/E18/2022/AC/S08/Ayodh-2022-20221025012545.jpg
AEHP302446,https://suvidha.eci.gov.in/uploads1/candprofile/E18/2022/AC/S08/Dr.Ra-2022-20221021054256.jpg
AEHP302447,https://suvidha.eci.gov.in/uploads1/candprofile/E18/2022/AC/S08/Salen-2022-20221025050653.jpg
AEHP302448,https://suvidha.eci.gov.in/uploads1/candprofile/E18/2022/AC/s08/Sunil-2022-20221025051816.jpg
AEHP302449,https://suvidha.eci.gov.in/uploads1/candprofile/E18/2022/AC/S08/Ramja-2022-20221021054239.jpg
AEHP302450,https://suvidha.eci.gov.in/uploads1/candprofile/E18/2022/AC/S08/Narai-2022-20221021064524.jpg
AEHP302451,https://suvidha.eci.gov.in/uploads1/candprofile/E18/2022/AC/S08/Vinay-2022-20221021064046.jpg
AEHP302452,https://suvidha.eci.gov.in/uploads1/candprofile/E18/2022/AC/s08/Jagmo-2022-20221021065110.jpg
AEHP302453,https://suvidha.eci.gov.in/uploads1/candprofile/E18/2022/AC/S08/RamKi-2022-20221025071924.jpg
AEHP302454,https://suvidha.eci.gov.in/uploads1/candprofile/E18/2022/AC/S08/Kirne-2022-20221025081217.jpg
AEHP302455,https://suvidha.eci.gov.in/uploads1/candprofile/E18/2022/AC/s08/Seema-2022-20221025123705.jpg
AEHP302456,https://suvidha.eci.gov.in/uploads1/candprofile/E18/2022/AC/S08/SukhR-2022-20221021072018.jpg
AEHP302457,https://suvidha.eci.gov.in/uploads1/candprofile/E18/2022/AC/S08/Ashwa-2022-20221025081327.jpg
AEHP302458,https://suvidha.eci.gov.in/uploads1/candprofile/E18/2022/AC/S08/Manis-2022-20221021072032.jpg
AEHP302459,https://suvidha.eci.gov.in/uploads1/candprofile/E18/2022/AC/S08/Manis-2022-20221025081243.jpg
AEHP302460,https://suvidha.eci.gov.in/uploads1/candprofile/E18/2022/AC/S08/Rames-2022-20221025081352.jpg
AEHP302461,https://suvidha.eci.gov.in/uploads1/candprofile/E18/2022/AC/S08/Rosha-2022-20221025081307.jpg
AEHP302462,https://suvidha.eci.gov.in/uploads1/candprofile/E18/2022/AC/S08/Sunil-2022-20221025081415.jpg
AEHP302463,https://suvidha.eci.gov.in/uploads1/candprofile/E18/2022/AC/S08/BALDE-2022-20221020075803.jpg
AEHP302464,https://suvidha.eci.gov.in/uploads1/candprofile/E18/2022/AC/S08/HARSH-2022-20221021074759.jpg
AEHP302465,https://suvidha.eci.gov.in/uploads1/candprofile/E18/2022/AC/s08/NAATH-2022-20221025061001.jpg
AEHP302466,https://suvidha.eci.gov.in/uploads1/candprofile/E18/2022/AC/S08/SURES-2022-20221025060252.jpg
AEHP302467,https://suvidha.eci.gov.in/uploads1/candprofile/E18/2022/AC/s08/Sh.Ba-2022-20221021044657.jpg
AEHP302468,https://suvidha.eci.gov.in/uploads1/candprofile/E18/2022/AC/S08/Bhaga-2022-20221020062631.jpg
AEHP302469,https://suvidha.eci.gov.in/uploads1/candprofile/E18/2022/AC/S08/Sh.Ra-2022-20221021041151.jpg
AEHP302470,https://suvidha.eci.gov.in/uploads1/candprofile/E18/2022/AC/S08/SH.UD-2022-20221025033219.jpg
AEHP302471,https://suvidha.eci.gov.in/uploads1/candprofile/E18/2022/AC/S08/SH.AS-2022-20221025041032.jpg
AEHP302472,https://suvidha.eci.gov.in/uploads1/candprofile/E18/2022/AC/S08/Dr.Su-2022-20221025041007.jpg
AEHP302473,https://suvidha.eci.gov.in/uploads1/candprofile/E18/2022/AC/S08/AJAYK-2022-20221027053123.jpg
AEHP302474,https://suvidha.eci.gov.in/uploads1/candprofile/E18/2022/AC/S08/KULDE-2022-20221027052359.jpg
AEHP302475,https://suvidha.eci.gov.in/uploads1/candprofile/E18/2022/AC/s08/JIALA-2022-20221020063501.jpg
AEHP302476,https://suvidha.eci.gov.in/uploads1/candprofile/E18/2022/AC/S08/RAKES-2022-20221027052420.jpg
AEHP302477,https://suvidha.eci.gov.in/uploads1/candprofile/E18/2022/AC/S08/ATTAR-2022-20221027055739.jpg
AEHP302478,https://suvidha.eci.gov.in/uploads1/candprofile/E18/2022/AC/s08/AMITM-2022-20221020013121.jpg
AEHP302479,https://suvidha.eci.gov.in/uploads1/candprofile/E18/2022/AC/S08/INDUV-2022-20221027060036.jpg
AEHP302480,https://suvidha.eci.gov.in/uploads1/candprofile/E18/2022/AC/S08/VIJAY-2022-20221027055927.jpg
AEHP302481,https://suvidha.eci.gov.in/uploads1/candprofile/E18/2022/AC/s08/Aniru-2022-20221021051750.jpg
AEHP302482,https://suvidha.eci.gov.in/uploads1/candprofile/E18/2022/AC/s08/Kames-2022-20221025055521.jpg
AEHP302483,https://suvidha.eci.gov.in/uploads1/candprofile/E18/2022/AC/s08/Kuldi-2022-20221020051528.jpg
AEHP1656,https://suvidha.eci.gov.in/uploads1/candprofile/E18/2022/AC/s08/Sures-2022-20221021054007.jpg
AEHP302484,https://suvidha.eci.gov.in/uploads1/candprofile/E18/2022/AC/s08/Dr.Ra-2022-20221025061151.jpg
AEHP302485,https://suvidha.eci.gov.in/uploads1/candprofile/E18/2022/AC/s08/RamPr-2022-20221025060709.jpg
AEHP302486,https://suvidha.eci.gov.in/uploads1/candprofile/E18/2022/AC/s08/TIKEN-2022-20221025052103.jpg
AEHP302487,https://suvidha.eci.gov.in/uploads1/candprofile/E18/2022/AC/s08/RAJES-2022-20221025050117.jpg
AEHP302488,https://suvidha.eci.gov.in/uploads1/candprofile/E18/2022/AC/s08/SANJA-2022-20221021054926.jpg
AEHP302489,https://suvidha.eci.gov.in/uploads1/candprofile/E18/2022/AC/s08/HARIS-2022-20221021055920.jpg
AEHP302490,https://suvidha.eci.gov.in/uploads1/candprofile/E18/2022/AC/s08/KALYA-2022-20221021054225.jpg
AEHP302491,https://suvidha.eci.gov.in/uploads1/candprofile/E18/2022/AC/s08/CHAMA-2022-20221025045150.jpg
AEHP302492,https://suvidha.eci.gov.in/uploads1/candprofile/E18/2022/AC/S08/ABHIS-2022-20221021053529.jpg
AEHP302493,https://suvidha.eci.gov.in/uploads1/candprofile/E18/2022/AC/s08/Balvi-2022-20221025075243.jpg
AEHP302494,https://suvidha.eci.gov.in/uploads1/candprofile/E18/2022/AC/s08/RaviK-2022-20221021050001.jpg
AEHP302495,https://suvidha.eci.gov.in/uploads1/candprofile/E18/2022/AC/s08/Vikra-2022-20221021044228.jpg
AEHP302496,https://suvidha.eci.gov.in/uploads1/candprofile/E18/2022/AC/s08/Puran-2022-20221025080852.jpg
AEHP302497,https://suvidha.eci.gov.in/uploads1/candprofile/E18/2022/AC/s08/PremK-2022-20221025074400.jpg
AEHP302498,https://suvidha.eci.gov.in/uploads1/candprofile/E18/2022/AC/s08/CHETA-2022-20221021032330.jpg
AEHP302499,https://suvidha.eci.gov.in/uploads1/candprofile/E18/2022/AC/s08/RAMPA-2022-20221025054121.jpg
AEHP302500,https://suvidha.eci.gov.in/uploads1/candprofile/E18/2022/AC/s08/ROHIT-2022-20221021033118.jpg
AEHP302501,https://suvidha.eci.gov.in/uploads1/candprofile/E18/2022/AC/s08/VISHA-2022-20221020053929.jpg
AEHP302502,https://suvidha.eci.gov.in/uploads1/candprofile/E18/2022/AC/s08/SHRIK-2022-20221025052203.jpg
AEHP302503,https://suvidha.eci.gov.in/uploads1/candprofile/E18/2022/AC/s08/SUMAN-2022-20221020051552.jpg
AEHP302504,https://suvidha.eci.gov.in/uploads1/candprofile/E18/2022/AC/s08/KAULS-2022-20221021062522.jpg
AEHP302505,https://suvidha.eci.gov.in/uploads1/candprofile/E18/2022/AC/s08/DESHR-2022-20221021064216.jpg
AEHP302506,https://suvidha.eci.gov.in/uploads1/candprofile/E18/2022/AC/S08/NANDL-2022-20221021061428.jpg
AEHP302507,https://suvidha.eci.gov.in/uploads1/candprofile/E18/2022/AC/S08/UDAYS-2022-20221025063140.jpg
AEHP302508,https://suvidha.eci.gov.in/uploads1/candprofile/E18/2022/AC/S08/PRITA-2022-20221031062327.jpg
AEHP302509,https://suvidha.eci.gov.in/uploads1/candprofile/E18/2022/AC/s08/Praka-2022-20221021045801.jpg
AEHP302510,https://suvidha.eci.gov.in/uploads1/candprofile/E18/2022/AC/s08/Mohan-2022-20221021051841.jpg
AEHP302511,https://suvidha.eci.gov.in/uploads1/candprofile/E18/2022/AC/s08/Shash-2022-20221021051107.jpg
AEHP302512,https://suvidha.eci.gov.in/uploads1/candprofile/E18/2022/AC/S08/Ashwa-2022-20221025061122.jpg
AEHP302513,https://suvidha.eci.gov.in/uploads1/candprofile/E18/2022/AC/S08/Naren-2022-20221025060748.jpg
AEHP302514,https://suvidha.eci.gov.in/uploads1/candprofile/E18/2022/AC/S08/Rajen-2022-20221025060912.jpg
AEHP302515,https://suvidha.eci.gov.in/uploads1/candprofile/E18/2022/AC/s08/ANILK-2022-20221020034619.jpg
AEHP302516,https://suvidha.eci.gov.in/uploads1/candprofile/E18/2022/AC/s08/JAGAT-2022-20221025010246.jpg
AEHP302517,https://suvidha.eci.gov.in/uploads1/candprofile/E18/2022/AC/s08/SURAT-2022-20221021013918.jpg
AEHP302518,https://suvidha.eci.gov.in/uploads1/candprofile/E18/2022/AC/s08/TERSE-2022-20221025031103.jpg
AEHP302519,https://suvidha.eci.gov.in/uploads1/candprofile/E18/2022/AC/s08/TEJWA-2022-20221021031051.jpg
